{
  "BirthDate": "2008-01-10",
  "BirthDateProxy": "2008-01-10T00:00:00",
  "UserName": "Default",
  "RollingBackup": false,
  "BackupCount": 10,
  "Version": 1,
  "SimulationName": "Default Simulation Name",
  "Description": "Default Config",
  "StepIncrement": "Monthly",
  "YearsToSim": 2,
  "StartDateIsToday": true,
  "StartDate": "2026-01-17",
  "StartDateProxy": "2026-01-17T00:00:00",
  "InteractiveMode": false,
  "DateSaved": "2026-01-17T10:56:34.7077576+08:00",
  "SaveCount": 25,
  "FinancialItemsList": [
    {
      "Id": "e2c42ab7",
      "Name": "Main Savings Account",
      "Description": "Default auto created savings account",
      "Tags": [],
      "Type": "Savings",
      "IsMainSavingsAccount": true,
      "IsLiquidAsset": true,
      "Currency": "AUD",
      "EvalOrder": 0,
      "IncludeInResults": true,
      "Value": 10000,
      "CashIn": {
        "Id": "a65bb717",
        "Name": "CashIn",
        "Enabled": false,
        "Amount": 0,
        "IsPercentage": false,
        "PercentageBasis": "Self",
        "AnnualRateMonthlyCompounding": false,
        "Schedule": {
          "Id": "f310e3ef",
          "Name": "TriggerFrequency-f310e3ef",
          "Frequency": "Monthly",
          "DayOfMonth": 31,
          "TriggerLimit": 0,
          "TriggerCount": 0
        }
      },
      "CashOut": {
        "Id": "c3c7cd6d",
        "Name": "CashOut",
        "Enabled": false,
        "Amount": 0,
        "IsPercentage": false,
        "PercentageBasis": "Self",
        "AnnualRateMonthlyCompounding": false,
        "Schedule": {
          "Id": "8ee3499e",
          "Name": "TriggerFrequency-8ee3499e",
          "Frequency": "Monthly",
          "DayOfMonth": 31,
          "TriggerLimit": 0,
          "TriggerCount": 0
        }
      },
      "Interest": {
        "Id": "033e5324",
        "Name": "Interest",
        "Enabled": true,
        "Amount": 4.5,
        "IsPercentage": true,
        "PercentageBasis": "Self",
        "AnnualRateMonthlyCompounding": true,
        "Schedule": {
          "Id": "21a0f289",
          "Name": "TriggerFrequency-21a0f289",
          "Frequency": "Monthly",
          "DayOfMonth": 31,
          "TriggerLimit": 0,
          "TriggerCount": 0
        }
      },
      "StartEnabled": true,
      "DisabledByUser": false,
      "EnabledBySim": false,
      "StartDate": "2026-01-10",
      "StartDateProxy": "2026-01-10T00:00:00",
      "EndDate": "2126-01-10",
      "EndDateProxy": "2126-01-10T00:00:00",
      "Events": [],
      "SelfTrigger": {
        "Id": "32fc66a3",
        "Name": "TriggerConditions-32fc66a3",
        "TriggerMatchType": "All",
        "TriggerMatchValue": true,
        "TagMatchType": "All",
        "MatchValue": true,
        "TagRules": [],
        "LiquidAssets": {
          "Id": "78c23254",
          "Name": "Liquid Assets",
          "Enabled": false,
          "Operator": "GreaterThanOrEqual",
          "ComparisonValue": 0,
          "TriggerLimit": 0,
          "TriggerCount": 0,
          "LastTriggerDate": "0001-01-01"
        },
        "MainSavingsBalance": {
          "Id": "48937bbd",
          "Name": "Main Savings Balance",
          "Enabled": false,
          "Operator": "GreaterThanOrEqual",
          "ComparisonValue": 0,
          "TriggerLimit": 0,
          "TriggerCount": 0,
          "LastTriggerDate": "0001-01-01"
        },
        "Age": {
          "Id": "4b1dd9a1",
          "Name": "Age",
          "Enabled": false,
          "Operator": "GreaterThanOrEqual",
          "ComparisonValue": 0,
          "TriggerLimit": 0,
          "TriggerCount": 0,
          "LastTriggerDate": "0001-01-01"
        }
      },
      "LiquidateSelfOnTrigger": false
    },
    {
      "Id": "61e57362",
      "Name": "Weekly Salary",
      "Description": "",
      "Tags": [],
      "Type": "Income",
      "IsMainSavingsAccount": false,
      "IsLiquidAsset": false,
      "Currency": "AUD",
      "EvalOrder": 10,
      "IncludeInResults": true,
      "Value": 0,
      "CashIn": {
        "Id": "68341e3a",
        "Name": "CashIn",
        "Enabled": true,
        "Amount": 1160,
        "IsPercentage": false,
        "PercentageBasis": "Self",
        "AnnualRateMonthlyCompounding": false,
        "Schedule": {
          "Id": "a25ed3a9",
          "Name": "TriggerFrequency-a25ed3a9",
          "Frequency": "Weekly",
          "DayOfWeek": "Friday",
          "TriggerLimit": 0,
          "TriggerCount": 0
        }
      },
      "CashOut": {
        "Id": "80a4861a",
        "Name": "CashOut",
        "Enabled": false,
        "Amount": 0,
        "IsPercentage": true,
        "PercentageBasis": "Self",
        "AnnualRateMonthlyCompounding": true,
        "Schedule": {
          "Id": "055c71f6",
          "Name": "TriggerFrequency-055c71f6",
          "Frequency": "Monthly",
          "DayOfMonth": 31,
          "TriggerLimit": 0,
          "TriggerCount": 0
        }
      },
      "Interest": {
        "Id": "d160d094",
        "Name": "Interest",
        "Enabled": false,
        "Amount": 0,
        "IsPercentage": true,
        "PercentageBasis": "Self",
        "AnnualRateMonthlyCompounding": true,
        "Schedule": {
          "Id": "82d57551",
          "Name": "TriggerFrequency-82d57551",
          "Frequency": "Monthly",
          "DayOfMonth": 31,
          "TriggerLimit": 0,
          "TriggerCount": 0
        }
      },
      "StartEnabled": true,
      "DisabledByUser": false,
      "EnabledBySim": true,
      "StartDate": "2025-12-29",
      "StartDateProxy": "2025-12-29T00:00:00",
      "EndDate": "2125-12-29",
      "EndDateProxy": "2125-12-29T00:00:00",
      "Events": [],
      "SelfTrigger": {
        "Id": "b49d5260",
        "Name": "Salary Self Trigger",
        "TriggerMatchType": "All",
        "TriggerMatchValue": true,
        "TagMatchType": "All",
        "MatchValue": true,
        "TagRules": [],
        "LiquidAssets": {
          "Id": "8e4a018f",
          "Name": "ValueTrigger-9f00497a",
          "Enabled": false,
          "Operator": "GreaterThanOrEqual",
          "ComparisonValue": 0,
          "TriggerLimit": 0,
          "TriggerCount": 0,
          "LastTriggerDate": "0001-01-01"
        },
        "MainSavingsBalance": {
          "Id": "a53baea1",
          "Name": "ValueTrigger-212be8e5",
          "Enabled": false,
          "Operator": "GreaterThanOrEqual",
          "ComparisonValue": 0,
          "TriggerLimit": 0,
          "TriggerCount": 0,
          "LastTriggerDate": "0001-01-01"
        },
        "Age": {
          "Id": "e4748933",
          "Name": "Age",
          "Enabled": false,
          "Operator": "GreaterThanOrEqual",
          "ComparisonValue": 0,
          "TriggerLimit": 0,
          "TriggerCount": 0,
          "LastTriggerDate": "0001-01-01"
        }
      },
      "LiquidateSelfOnTrigger": false
    },
    {
      "Id": "d62b73bb",
      "Name": "Holiday Fund",
      "Description": "",
      "Tags": [],
      "Type": "Savings",
      "IsMainSavingsAccount": false,
      "IsLiquidAsset": false,
      "Currency": "AUD",
      "EvalOrder": 20,
      "IncludeInResults": true,
      "Value": 0,
      "CashIn": {
        "Id": "db66ebe4",
        "Name": "CashIn",
        "Enabled": false,
        "Amount": 0,
        "IsPercentage": false,
        "PercentageBasis": "Self",
        "AnnualRateMonthlyCompounding": false,
        "Schedule": {
          "Id": "ac9047a6",
          "Name": "TriggerFrequency-ac9047a6",
          "Frequency": "Monthly",
          "DayOfMonth": 31,
          "TriggerLimit": 0,
          "TriggerCount": 0
        }
      },
      "CashOut": {
        "Id": "5123280c",
        "Name": "CashOut",
        "Enabled": false,
        "Amount": 0,
        "IsPercentage": false,
        "PercentageBasis": "Self",
        "AnnualRateMonthlyCompounding": false,
        "Schedule": {
          "Id": "4c29927a",
          "Name": "TriggerFrequency-4c29927a",
          "Frequency": "Monthly",
          "DayOfMonth": 31,
          "TriggerLimit": 0,
          "TriggerCount": 0
        }
      },
      "Interest": {
        "Id": "2bd15d55",
        "Name": "Interest",
        "Enabled": true,
        "Amount": 5.5,
        "IsPercentage": true,
        "PercentageBasis": "Self",
        "AnnualRateMonthlyCompounding": true,
        "Schedule": {
          "Id": "baca304d",
          "Name": "TriggerFrequency-baca304d",
          "Frequency": "Monthly",
          "DayOfMonth": 31,
          "TriggerLimit": 0,
          "TriggerCount": 0
        }
      },
      "StartEnabled": true,
      "DisabledByUser": false,
      "EnabledBySim": false,
      "StartDate": "2026-01-10",
      "StartDateProxy": "2026-01-10T00:00:00",
      "EndDate": "2126-01-10",
      "EndDateProxy": "2126-01-10T00:00:00",
      "Events": [
        {
          "Id": "c39920d4",
          "Name": "Draw from Main Savings Account",
          "Description": "",
          "Enabled": true,
          "Triggers": {
            "Id": "7dde556f",
            "Name": "TriggerConditions-7dde556f",
            "TriggerMatchType": "All",
            "TriggerMatchValue": true,
            "TagMatchType": "All",
            "MatchValue": true,
            "TagRules": [],
            "LiquidAssets": {
              "Id": "c2452d23",
              "Name": "Liquid Assets",
              "Enabled": false,
              "Operator": "GreaterThanOrEqual",
              "ComparisonValue": 0,
              "TriggerLimit": 0,
              "TriggerCount": 0,
              "LastTriggerDate": "0001-01-01"
            },
            "MainSavingsBalance": {
              "Id": "69a27a55",
              "Name": "Main Savings Balance",
              "Enabled": true,
              "Operator": "GreaterThanOrEqual",
              "ComparisonValue": 5000,
              "TriggerLimit": 20,
              "TriggerCount": 0,
              "LastTriggerDate": "0001-01-01"
            },
            "Age": {
              "Id": "18dfc753",
              "Name": "Age",
              "Enabled": false,
              "Operator": "GreaterThanOrEqual",
              "ComparisonValue": 0,
              "TriggerLimit": 0,
              "TriggerCount": 0,
              "LastTriggerDate": "0001-01-01"
            }
          },
          "TargetId": "e2c42ab7",
          "TargetName": "Main Savings Account",
          "SetStateOnTrigger": false,
          "TargetStateOnTrigger": "Disable",
          "CashOut": {
            "Id": "91b43e92",
            "Name": "AmountFreq-91b43e92",
            "Enabled": false,
            "Amount": 0,
            "IsPercentage": false,
            "PercentageBasis": "Source",
            "AnnualRateMonthlyCompounding": false,
            "Schedule": {
              "Id": "006abff3",
              "Name": "TriggerFrequency-006abff3",
              "Frequency": "Monthly",
              "DayOfMonth": 31,
              "TriggerLimit": 0,
              "TriggerCount": 0
            }
          },
          "CashIn": {
            "Id": "77acfcd5",
            "Name": "AmountFreq-77acfcd5",
            "Enabled": true,
            "Amount": 500,
            "IsPercentage": false,
            "PercentageBasis": "Source",
            "AnnualRateMonthlyCompounding": false,
            "Schedule": {
              "Id": "e8094661",
              "Name": "TriggerFrequency-e8094661",
              "Frequency": "Fortnightly",
              "DayOfWeek": "Friday",
              "TriggerLimit": 0,
              "TriggerCount": 0
            }
          },
          "Liquidate": false
        }
      ],
      "SelfTrigger": {
        "Id": "0968dc2c",
        "Name": "TriggerConditions-0968dc2c",
        "TriggerMatchType": "All",
        "TriggerMatchValue": true,
        "TagMatchType": "All",
        "MatchValue": true,
        "TagRules": [],
        "LiquidAssets": {
          "Id": "6dd7c9d9",
          "Name": "Liquid Assets",
          "Enabled": false,
          "Operator": "GreaterThanOrEqual",
          "ComparisonValue": 0,
          "TriggerLimit": 0,
          "TriggerCount": 0,
          "LastTriggerDate": "0001-01-01"
        },
        "MainSavingsBalance": {
          "Id": "c925fa40",
          "Name": "Main Savings Balance",
          "Enabled": false,
          "Operator": "GreaterThanOrEqual",
          "ComparisonValue": 0,
          "TriggerLimit": 0,
          "TriggerCount": 0,
          "LastTriggerDate": "0001-01-01"
        },
        "Age": {
          "Id": "0c176c3e",
          "Name": "Age",
          "Enabled": false,
          "Operator": "GreaterThanOrEqual",
          "ComparisonValue": 0,
          "TriggerLimit": 0,
          "TriggerCount": 0,
          "LastTriggerDate": "0001-01-01"
        }
      },
      "LiquidateSelfOnTrigger": false
    }
  ],
  "MainSavingsAccountId": 0,
  "LogLevel": "Info",
  "TaxMode": "NoTax",
  "TaxPercentage": 30,
  "EndOfFinancialYear": "2026-06-30",
  "EndOfFinancialYearProxy": "2026-06-30T00:00:00",
  "FailOnOverDraw": true
}