{
  "Id": "607ff26c",
  "Name": "One Time Purchase",
  "Description": "Triggers Purchase after meeting constraints of min age and min savings",
  "Tags": [],
  "Type": 1,
  "IsMainSavingsAccount": false,
  "IsLiquidAsset": false,
  "Currency": "AUD",
  "EvalOrder": 40,
  "Value": 0,
  "CashIn": {
    "Id": "a4879f91",
    "Name": "CashIn",
    "Enabled": false,
    "Amount": 0,
    "IsPercentage": true,
    "AnnualRateMonthlyCompounding": true,
    "Schedule": {
      "Frequency": 3,
      "DayOfMonth": 31,
      "TriggerLimit": 0,
      "TriggerCount": 0
    }
  },
  "CashOut": {
    "Id": "41bb18b0",
    "Name": "CashOut",
    "Enabled": true,
    "Amount": 3000,
    "IsPercentage": false,
    "AnnualRateMonthlyCompounding": false,
    "Schedule": {
      "Frequency": 1,
      "DayOfWeek": 5,
      "TriggerLimit": 1,
      "TriggerCount": 0
    }
  },
  "Interest": {
    "Id": "e2c9a182",
    "Name": "Interest",
    "Enabled": false,
    "Amount": 0,
    "IsPercentage": true,
    "AnnualRateMonthlyCompounding": true,
    "Schedule": {
      "Frequency": 3,
      "DayOfMonth": 31,
      "TriggerLimit": 0,
      "TriggerCount": 0
    }
  },
  "StartEnabled": false,
  "DisabledByUser": false,
  "EnabledBySim": false,
  "StartDate": "2025-12-29",
  "StartDateProxy": "2025-12-29T00:00:00",
  "EndDate": "2125-12-29",
  "EndDateProxy": "2125-12-29T00:00:00",
  "Events": [],
  "SelfTrigger": {
    "Id": "913f0c9a",
    "Name": "Laptop Purchase Self Trigger",
    "RequireAll": true,
    "RequireAllTagRules": false,
    "TagRules": [],
    "LiquidAssets": {
      "Id": "984669d9",
      "Name": "ValueTrigger-5a5cb328",
      "Enabled": false,
      "MinEnabled": false,
      "MinValue": 0,
      "MaxEnabled": false,
      "MaxValue": 0,
      "TriggerCount": 0,
      "TriggerLimit": 0,
      "LastTriggerDate": "0001-01-01",
      "Frequency": {
        "Frequency": 0,
        "TriggerLimit": 0,
        "TriggerCount": 0
      }
    },
    "MainSavingsBalance": {
      "Id": "e88404d5",
      "Name": "ValueTrigger-6e1e87ff",
      "Enabled": true,
      "MinEnabled": true,
      "MinValue": 10000,
      "MaxEnabled": false,
      "MaxValue": 0,
      "TriggerCount": 0,
      "TriggerLimit": 1,
      "LastTriggerDate": "0001-01-01",
      "Frequency": {
        "Frequency": 0,
        "TriggerLimit": 0,
        "TriggerCount": 0
      }
    },
    "IncomeTagsActive": [],
    "IncomeTagsActiveFrequency": 6,
    "IncomeTagsActiveAmountValue": 0,
    "IncomeTagsActiveGreaterThan": true,
    "MinAge": 21
  }
}