{
  "BirthDate": "2024-12-31",
  "BirthDateProxy": "2024-12-31T00:00:00",
  "UserName": "Default",
  "RollingBackup": false,
  "BackupCount": 10,
  "Version": 1,
  "SimulationName": "Default Simulation Name",
  "Description": "Default Config",
  "StepIncrement": "Fortnightly",
  "YearsToSim": 17,
  "StartDateIsToday": true,
  "StartDate": "2026-01-17",
  "StartDateProxy": "2026-01-17T00:00:00",
  "InteractiveMode": false,
  "DateSaved": "2026-01-17T00:55:00.6756032+08:00",
  "SaveCount": 28,
  "FinancialItemsList": [
    {
      "Id": "a8624b8e",
      "Name": "Savings Account",
      "Description": "Default auto created savings account",
      "Tags": [],
      "Type": "Savings",
      "IsMainSavingsAccount": true,
      "IsLiquidAsset": true,
      "Currency": "AUD",
      "EvalOrder": 0,
      "IncludeInResults": true,
      "Value": 100,
      "CashIn": {
        "Id": "839c67b9",
        "Name": "CashIn",
        "Enabled": false,
        "Amount": 0,
        "IsPercentage": false,
        "PercentageBasis": "Self",
        "AnnualRateMonthlyCompounding": false,
        "Schedule": {
          "Id": "57a7c7b2",
          "Name": "TriggerFrequency-57a7c7b2",
          "Frequency": "Monthly",
          "DayOfMonth": 1,
          "TriggerLimit": 0,
          "TriggerCount": 0
        }
      },
      "CashOut": {
        "Id": "96555055",
        "Name": "CashOut",
        "Enabled": false,
        "Amount": 5.5,
        "IsPercentage": true,
        "PercentageBasis": "Self",
        "AnnualRateMonthlyCompounding": true,
        "Schedule": {
          "Id": "9b376087",
          "Name": "TriggerFrequency-9b376087",
          "Frequency": "Monthly",
          "DayOfMonth": 31,
          "TriggerLimit": 0,
          "TriggerCount": 0
        }
      },
      "Interest": {
        "Id": "68107d8b",
        "Name": "Interest",
        "Enabled": true,
        "Amount": 5.5,
        "IsPercentage": true,
        "PercentageBasis": "Self",
        "AnnualRateMonthlyCompounding": true,
        "Schedule": {
          "Id": "eb99a2b4",
          "Name": "TriggerFrequency-eb99a2b4",
          "Frequency": "Monthly",
          "DayOfMonth": 31,
          "TriggerLimit": 0,
          "TriggerCount": 0
        }
      },
      "StartEnabled": true,
      "DisabledByUser": false,
      "EnabledBySim": false,
      "StartDate": "2025-12-31",
      "StartDateProxy": "2025-12-31T00:00:00",
      "EndDate": "2125-12-31",
      "EndDateProxy": "2125-12-31T00:00:00",
      "Events": [],
      "SelfTrigger": {
        "Id": "d268a73d",
        "Name": "TriggerConditions-d268a73d",
        "TriggerMatchType": "All",
        "TriggerMatchValue": true,
        "TagMatchType": "All",
        "MatchValue": true,
        "TagRules": [],
        "LiquidAssets": {
          "Id": "2a903a1b",
          "Name": "Liquid Assets",
          "Enabled": false,
          "Operator": "GreaterThanOrEqual",
          "ComparisonValue": 0,
          "TriggerLimit": 0,
          "TriggerCount": 0,
          "LastTriggerDate": "0001-01-01"
        },
        "MainSavingsBalance": {
          "Id": "60ef97ef",
          "Name": "Main Savings Balance",
          "Enabled": false,
          "Operator": "GreaterThanOrEqual",
          "ComparisonValue": 0,
          "TriggerLimit": 0,
          "TriggerCount": 0,
          "LastTriggerDate": "0001-01-01"
        },
        "Age": {
          "Id": "eaf4ac8e",
          "Name": "Age",
          "Enabled": false,
          "Operator": "GreaterThanOrEqual",
          "ComparisonValue": 0,
          "TriggerLimit": 0,
          "TriggerCount": 0,
          "LastTriggerDate": "0001-01-01"
        }
      },
      "LiquidateSelfOnTrigger": false
    },
    {
      "Id": "e7e3ef01",
      "Name": "Birthday Money",
      "Description": "",
      "Tags": [],
      "Type": "Income",
      "IsMainSavingsAccount": false,
      "IsLiquidAsset": false,
      "Currency": "AUD",
      "EvalOrder": 10,
      "IncludeInResults": true,
      "Value": 0,
      "CashIn": {
        "Id": "08dcf245",
        "Name": "CashIn",
        "Enabled": true,
        "Amount": 500,
        "IsPercentage": false,
        "PercentageBasis": "Self",
        "AnnualRateMonthlyCompounding": false,
        "Schedule": {
          "Id": "596b936d",
          "Name": "TriggerFrequency-596b936d",
          "Frequency": "Annual",
          "DayOfMonth": 12,
          "MonthOfYear": "March",
          "TriggerLimit": 0,
          "TriggerCount": 0
        }
      },
      "CashOut": {
        "Id": "3d8f7952",
        "Name": "CashOut",
        "Enabled": false,
        "Amount": 0,
        "IsPercentage": false,
        "PercentageBasis": "Self",
        "AnnualRateMonthlyCompounding": false,
        "Schedule": {
          "Id": "d3e4d1ca",
          "Name": "TriggerFrequency-d3e4d1ca",
          "Frequency": "Monthly",
          "DayOfMonth": 1,
          "TriggerLimit": 0,
          "TriggerCount": 0
        }
      },
      "Interest": {
        "Id": "931f6bbf",
        "Name": "Interest",
        "Enabled": false,
        "Amount": 0,
        "IsPercentage": true,
        "PercentageBasis": "Self",
        "AnnualRateMonthlyCompounding": false,
        "Schedule": {
          "Id": "44adff83",
          "Name": "TriggerFrequency-44adff83",
          "Frequency": "Annual",
          "DayOfMonth": 1,
          "MonthOfYear": "January",
          "TriggerLimit": 0,
          "TriggerCount": 0
        }
      },
      "StartEnabled": true,
      "DisabledByUser": false,
      "EnabledBySim": false,
      "StartDate": "2025-12-31",
      "StartDateProxy": "2025-12-31T00:00:00",
      "EndDate": "2125-12-31",
      "EndDateProxy": "2125-12-31T00:00:00",
      "Events": [],
      "SelfTrigger": {
        "Id": "0f97af5d",
        "Name": "TriggerConditions-0f97af5d",
        "TriggerMatchType": "All",
        "TriggerMatchValue": true,
        "TagMatchType": "All",
        "MatchValue": true,
        "TagRules": [],
        "LiquidAssets": {
          "Id": "875f0c40",
          "Name": "Liquid Assets",
          "Enabled": false,
          "Operator": "GreaterThanOrEqual",
          "ComparisonValue": 0,
          "TriggerLimit": 0,
          "TriggerCount": 0,
          "LastTriggerDate": "0001-01-01"
        },
        "MainSavingsBalance": {
          "Id": "2b9b7043",
          "Name": "Main Savings Balance",
          "Enabled": false,
          "Operator": "GreaterThanOrEqual",
          "ComparisonValue": 0,
          "TriggerLimit": 0,
          "TriggerCount": 0,
          "LastTriggerDate": "0001-01-01"
        },
        "Age": {
          "Id": "b0e23c26",
          "Name": "Age",
          "Enabled": false,
          "Operator": "GreaterThanOrEqual",
          "ComparisonValue": 0,
          "TriggerLimit": 0,
          "TriggerCount": 0,
          "LastTriggerDate": "0001-01-01"
        }
      },
      "LiquidateSelfOnTrigger": false
    },
    {
      "Id": "bd48d441",
      "Name": "Pocket Money",
      "Description": "",
      "Tags": [],
      "Type": "Savings",
      "IsMainSavingsAccount": false,
      "IsLiquidAsset": false,
      "Currency": "AUD",
      "EvalOrder": 20,
      "IncludeInResults": true,
      "Value": 0,
      "CashIn": {
        "Id": "eb9c7432",
        "Name": "CashIn",
        "Enabled": true,
        "Amount": 10,
        "IsPercentage": false,
        "PercentageBasis": "Self",
        "AnnualRateMonthlyCompounding": false,
        "Schedule": {
          "Id": "12ad8eed",
          "Name": "TriggerFrequency-12ad8eed",
          "Frequency": "Weekly",
          "DayOfWeek": "Monday",
          "TriggerLimit": 0,
          "TriggerCount": 0
        }
      },
      "CashOut": {
        "Id": "a3ab39f8",
        "Name": "CashOut",
        "Enabled": false,
        "Amount": 0,
        "IsPercentage": false,
        "PercentageBasis": "Self",
        "AnnualRateMonthlyCompounding": false,
        "Schedule": {
          "Id": "7748efa2",
          "Name": "TriggerFrequency-7748efa2",
          "Frequency": "Monthly",
          "DayOfMonth": 1,
          "TriggerLimit": 0,
          "TriggerCount": 0
        }
      },
      "Interest": {
        "Id": "437c787c",
        "Name": "Interest",
        "Enabled": false,
        "Amount": 0,
        "IsPercentage": true,
        "PercentageBasis": "Self",
        "AnnualRateMonthlyCompounding": false,
        "Schedule": {
          "Id": "e3bead6d",
          "Name": "TriggerFrequency-e3bead6d",
          "Frequency": "Annual",
          "DayOfMonth": 1,
          "MonthOfYear": "January",
          "TriggerLimit": 0,
          "TriggerCount": 0
        }
      },
      "StartEnabled": true,
      "DisabledByUser": false,
      "EnabledBySim": false,
      "StartDate": "2025-12-31",
      "StartDateProxy": "2025-12-31T00:00:00",
      "EndDate": "2125-12-31",
      "EndDateProxy": "2125-12-31T00:00:00",
      "Events": [],
      "SelfTrigger": {
        "Id": "791e3be7",
        "Name": "TriggerConditions-791e3be7",
        "TriggerMatchType": "All",
        "TriggerMatchValue": true,
        "TagMatchType": "All",
        "MatchValue": true,
        "TagRules": [],
        "LiquidAssets": {
          "Id": "ca32b700",
          "Name": "Liquid Assets",
          "Enabled": false,
          "Operator": "GreaterThanOrEqual",
          "ComparisonValue": 0,
          "TriggerLimit": 0,
          "TriggerCount": 0,
          "LastTriggerDate": "0001-01-01"
        },
        "MainSavingsBalance": {
          "Id": "340897b5",
          "Name": "Main Savings Balance",
          "Enabled": false,
          "Operator": "GreaterThanOrEqual",
          "ComparisonValue": 0,
          "TriggerLimit": 0,
          "TriggerCount": 0,
          "LastTriggerDate": "0001-01-01"
        },
        "Age": {
          "Id": "d643e6af",
          "Name": "Age",
          "Enabled": false,
          "Operator": "GreaterThanOrEqual",
          "ComparisonValue": 0,
          "TriggerLimit": 0,
          "TriggerCount": 0,
          "LastTriggerDate": "0001-01-01"
        }
      },
      "LiquidateSelfOnTrigger": false
    }
  ],
  "MainSavingsAccountId": 0,
  "LogLevel": "Debug",
  "TaxMode": "NoTax",
  "TaxPercentage": 30,
  "EndOfFinancialYear": "2026-06-30",
  "EndOfFinancialYearProxy": "2026-06-30T00:00:00",
  "FailOnOverDraw": true
}