{
  "BirthDate": "2007-04-01",
  "BirthDateProxy": "2007-04-01T00:00:00",
  "UserName": "Default",
  "RollingBackup": false,
  "BackupCount": 10,
  "SimulationName": "Default Simulation Name",
  "Description": "Default Config",
  "StepIncrement": "Monthly",
  "YearsToSim": 30,
  "StartDateIsToday": false,
  "StartDate": "2026-01-01",
  "StartDateProxy": "2026-01-01T00:00:00",
  "InteractiveMode": false,
  "DateSaved": "2026-01-16T05:24:07.8787267+08:00",
  "SaveCount": 68,
  "FinancialItemsList": [
    {
      "Id": "bffdecb1",
      "Name": "Savings Account",
      "Description": "Default auto created savings account",
      "Tags": [],
      "Type": "Savings",
      "IsMainSavingsAccount": true,
      "IsLiquidAsset": true,
      "Currency": "AUD",
      "EvalOrder": 0,
      "IncludeInResults": true,
      "Value": 10000.00,
      "CashIn": {
        "Id": "917d860a",
        "Name": "CashIn",
        "Enabled": false,
        "Amount": 0,
        "IsPercentage": true,
        "PercentageBasis": "Self",
        "AnnualRateMonthlyCompounding": true,
        "Schedule": {
          "Id": "b0d9c95c",
          "Name": "TriggerFrequency-b0d9c95c",
          "Frequency": "Monthly",
          "DayOfMonth": 31,
          "TriggerLimit": 0,
          "TriggerCount": 0
        }
      },
      "CashOut": {
        "Id": "33f1805e",
        "Name": "CashOut",
        "Enabled": false,
        "Amount": 0,
        "IsPercentage": true,
        "PercentageBasis": "Self",
        "AnnualRateMonthlyCompounding": true,
        "Schedule": {
          "Id": "a7af9b2e",
          "Name": "TriggerFrequency-a7af9b2e",
          "Frequency": "Monthly",
          "DayOfMonth": 31,
          "TriggerLimit": 0,
          "TriggerCount": 0
        }
      },
      "Interest": {
        "Id": "971959e0",
        "Name": "Interest",
        "Enabled": true,
        "Amount": 4.5,
        "IsPercentage": true,
        "PercentageBasis": "Self",
        "AnnualRateMonthlyCompounding": true,
        "Schedule": {
          "Id": "ecc3a276",
          "Name": "TriggerFrequency-ecc3a276",
          "Frequency": "Monthly",
          "DayOfMonth": 31,
          "TriggerLimit": 0,
          "TriggerCount": 0
        }
      },
      "StartEnabled": true,
      "DisabledByUser": false,
      "EnabledBySim": true,
      "StartDate": "2026-01-01",
      "StartDateProxy": "2026-01-01T00:00:00",
      "EndDate": "2125-12-29",
      "EndDateProxy": "2125-12-29T00:00:00",
      "Events": [
        {
          "Id": "007e527b",
          "Name": "Home Loan Payment",
          "Description": "",
          "Enabled": true,
          "Triggers": {
            "Id": "2f429a97",
            "Name": "TriggerConditions-2f429a97",
            "TriggerMatchType": "All",
            "TriggerMatchValue": true,
            "TagMatchType": "All",
            "MatchValue": true,
            "TagRules": [],
            "LiquidAssets": {
              "Id": "544126e6",
              "Name": "Liquid Assets",
              "Enabled": false,
              "Operator": "GreaterThanOrEqual",
              "ComparisonValue": 0,
              "TriggerLimit": 0,
              "TriggerCount": 0,
              "LastTriggerDate": "0001-01-01"
            },
            "MainSavingsBalance": {
              "Id": "b741065b",
              "Name": "Main Savings Balance",
              "Enabled": false,
              "Operator": "GreaterThanOrEqual",
              "ComparisonValue": 0,
              "TriggerLimit": 0,
              "TriggerCount": 0,
              "LastTriggerDate": "0001-01-01"
            },
            "Age": {
              "Id": "79d4fffb",
              "Name": "Age",
              "Enabled": false,
              "Operator": "GreaterThanOrEqual",
              "ComparisonValue": 0,
              "TriggerLimit": 0,
              "TriggerCount": 0,
              "LastTriggerDate": "0001-01-01"
            }
          },
          "TargetId": "d149f135",
          "TargetName": "Home Loan",
          "SetStateOnTrigger": false,
          "TargetStateOnTrigger": "Disable",
          "CashOut": {
            "Id": "e6bf496c",
            "Name": "House Loan Payment",
            "Enabled": true,
            "Amount": 650,
            "IsPercentage": false,
            "PercentageBasis": "Source",
            "AnnualRateMonthlyCompounding": false,
            "Schedule": {
              "Id": "e3beca8c",
              "Name": "TriggerFrequency-e3beca8c",
              "Frequency": "Weekly",
              "DayOfWeek": "Friday",
              "TriggerLimit": 0,
              "TriggerCount": 0
            }
          },
          "CashIn": {
            "Id": "5fde7db2",
            "Name": "AmountFreq-5fde7db2",
            "Enabled": false,
            "Amount": 0,
            "IsPercentage": false,
            "PercentageBasis": "Source",
            "AnnualRateMonthlyCompounding": false,
            "Schedule": {
              "Id": "957c6408",
              "Name": "TriggerFrequency-957c6408",
              "Frequency": "Monthly",
              "DayOfMonth": 31,
              "TriggerLimit": 0,
              "TriggerCount": 0
            }
          },
          "Liquidate": false
        }
      ],
      "SelfTrigger": {
        "Id": "8b6216bf",
        "Name": "Savings Account Self Trigger",
        "TriggerMatchType": "All",
        "TriggerMatchValue": true,
        "TagMatchType": "All",
        "MatchValue": true,
        "TagRules": [],
        "LiquidAssets": {
          "Id": "afec66e7",
          "Name": "ValueTrigger-ada80732",
          "Enabled": false,
          "Operator": "GreaterThanOrEqual",
          "ComparisonValue": 0,
          "TriggerLimit": 0,
          "TriggerCount": 0,
          "LastTriggerDate": "0001-01-01"
        },
        "MainSavingsBalance": {
          "Id": "58e95e91",
          "Name": "ValueTrigger-b3e6079b",
          "Enabled": false,
          "Operator": "GreaterThanOrEqual",
          "ComparisonValue": 0,
          "TriggerLimit": 0,
          "TriggerCount": 0,
          "LastTriggerDate": "0001-01-01"
        },
        "Age": {
          "Id": "500ca041",
          "Name": "Age",
          "Enabled": false,
          "Operator": "GreaterThanOrEqual",
          "ComparisonValue": 0,
          "TriggerLimit": 0,
          "TriggerCount": 0,
          "LastTriggerDate": "0001-01-01"
        }
      },
      "LiquidateSelfOnTrigger": false
    },
    {
      "Id": "61e57362",
      "Name": "Salary",
      "Description": "",
      "Tags": [],
      "Type": "Income",
      "IsMainSavingsAccount": false,
      "IsLiquidAsset": false,
      "Currency": "AUD",
      "EvalOrder": 10,
      "IncludeInResults": true,
      "Value": 0,
      "CashIn": {
        "Id": "68341e3a",
        "Name": "Salary",
        "Enabled": true,
        "Amount": 1160,
        "IsPercentage": false,
        "PercentageBasis": "Self",
        "AnnualRateMonthlyCompounding": false,
        "Schedule": {
          "Id": "3f0826fa",
          "Name": "TriggerFrequency-3f0826fa",
          "Frequency": "Weekly",
          "DayOfWeek": "Friday",
          "TriggerLimit": 0,
          "TriggerCount": 0
        }
      },
      "CashOut": {
        "Id": "80a4861a",
        "Name": "CashOut",
        "Enabled": false,
        "Amount": 0,
        "IsPercentage": true,
        "PercentageBasis": "Self",
        "AnnualRateMonthlyCompounding": true,
        "Schedule": {
          "Id": "c16c22da",
          "Name": "TriggerFrequency-c16c22da",
          "Frequency": "Monthly",
          "DayOfMonth": 31,
          "TriggerLimit": 0,
          "TriggerCount": 0
        }
      },
      "Interest": {
        "Id": "d160d094",
        "Name": "Interest",
        "Enabled": false,
        "Amount": 0,
        "IsPercentage": true,
        "PercentageBasis": "Self",
        "AnnualRateMonthlyCompounding": true,
        "Schedule": {
          "Id": "d5f325dc",
          "Name": "TriggerFrequency-d5f325dc",
          "Frequency": "Monthly",
          "DayOfMonth": 31,
          "TriggerLimit": 0,
          "TriggerCount": 0
        }
      },
      "StartEnabled": true,
      "DisabledByUser": false,
      "EnabledBySim": true,
      "StartDate": "2025-12-29",
      "StartDateProxy": "2025-12-29T00:00:00",
      "EndDate": "2125-12-29",
      "EndDateProxy": "2125-12-29T00:00:00",
      "Events": [],
      "SelfTrigger": {
        "Id": "b49d5260",
        "Name": "Salary Self Trigger",
        "TriggerMatchType": "All",
        "TriggerMatchValue": true,
        "TagMatchType": "All",
        "MatchValue": true,
        "TagRules": [],
        "LiquidAssets": {
          "Id": "8e4a018f",
          "Name": "ValueTrigger-9f00497a",
          "Enabled": false,
          "Operator": "GreaterThanOrEqual",
          "ComparisonValue": 0,
          "TriggerLimit": 0,
          "TriggerCount": 0,
          "LastTriggerDate": "0001-01-01"
        },
        "MainSavingsBalance": {
          "Id": "a53baea1",
          "Name": "ValueTrigger-212be8e5",
          "Enabled": false,
          "Operator": "GreaterThanOrEqual",
          "ComparisonValue": 0,
          "TriggerLimit": 0,
          "TriggerCount": 0,
          "LastTriggerDate": "0001-01-01"
        },
        "Age": {
          "Id": "0c64b981",
          "Name": "Age",
          "Enabled": false,
          "Operator": "GreaterThanOrEqual",
          "ComparisonValue": 0,
          "TriggerLimit": 0,
          "TriggerCount": 0,
          "LastTriggerDate": "0001-01-01"
        }
      },
      "LiquidateSelfOnTrigger": false
    },
    {
      "Id": "d149f135",
      "Name": "Home Loan",
      "Description": "123 Fake st",
      "Tags": [],
      "Type": "Loan",
      "IsMainSavingsAccount": false,
      "IsLiquidAsset": false,
      "Currency": "AUD",
      "EvalOrder": 20,
      "IncludeInResults": true,
      "Value": 400000,
      "CashIn": {
        "Id": "708a3b1a",
        "Name": "CashIn",
        "Enabled": false,
        "Amount": 0,
        "IsPercentage": true,
        "PercentageBasis": "Self",
        "AnnualRateMonthlyCompounding": true,
        "Schedule": {
          "Id": "4a8b72f9",
          "Name": "TriggerFrequency-4a8b72f9",
          "Frequency": "Monthly",
          "DayOfMonth": 31,
          "TriggerLimit": 0,
          "TriggerCount": 0
        }
      },
      "CashOut": {
        "Id": "fa8bf9d5",
        "Name": "CashOut",
        "Enabled": false,
        "Amount": 650,
        "IsPercentage": false,
        "PercentageBasis": "Self",
        "AnnualRateMonthlyCompounding": false,
        "Schedule": {
          "Id": "1ddf807c",
          "Name": "TriggerFrequency-1ddf807c",
          "Frequency": "Weekly",
          "DayOfWeek": "Friday",
          "TriggerLimit": 0,
          "TriggerCount": 0
        }
      },
      "Interest": {
        "Id": "a03fcf14",
        "Name": "Interest",
        "Enabled": true,
        "Amount": 7.1,
        "IsPercentage": true,
        "PercentageBasis": "Self",
        "AnnualRateMonthlyCompounding": true,
        "Schedule": {
          "Id": "18364d87",
          "Name": "TriggerFrequency-18364d87",
          "Frequency": "Monthly",
          "DayOfMonth": 31,
          "TriggerLimit": 0,
          "TriggerCount": 0
        }
      },
      "StartEnabled": true,
      "DisabledByUser": false,
      "EnabledBySim": true,
      "StartDate": "2025-12-29",
      "StartDateProxy": "2025-12-29T00:00:00",
      "EndDate": "2125-12-29",
      "EndDateProxy": "2125-12-29T00:00:00",
      "Events": [],
      "SelfTrigger": {
        "Id": "d019af46",
        "Name": "Rent Self Trigger",
        "TriggerMatchType": "All",
        "TriggerMatchValue": true,
        "TagMatchType": "All",
        "MatchValue": true,
        "TagRules": [],
        "LiquidAssets": {
          "Id": "7012d6f7",
          "Name": "ValueTrigger-411736a1",
          "Enabled": false,
          "Operator": "GreaterThanOrEqual",
          "ComparisonValue": 0,
          "TriggerLimit": 0,
          "TriggerCount": 0,
          "LastTriggerDate": "0001-01-01"
        },
        "MainSavingsBalance": {
          "Id": "42d5e3f8",
          "Name": "ValueTrigger-e8ec9aa7",
          "Enabled": false,
          "Operator": "GreaterThanOrEqual",
          "ComparisonValue": 0,
          "TriggerLimit": 0,
          "TriggerCount": 0,
          "LastTriggerDate": "0001-01-01"
        },
        "Age": {
          "Id": "ed99323e",
          "Name": "Age",
          "Enabled": false,
          "Operator": "GreaterThanOrEqual",
          "ComparisonValue": 0,
          "TriggerLimit": 0,
          "TriggerCount": 0,
          "LastTriggerDate": "0001-01-01"
        }
      },
      "LiquidateSelfOnTrigger": false
    },
    {
      "Id": "12ab040e",
      "Name": "Primary House",
      "Description": "123 Fake st",
      "Tags": [],
      "Type": "Asset",
      "IsMainSavingsAccount": false,
      "IsLiquidAsset": false,
      "Currency": "AUD",
      "EvalOrder": 30,
      "IncludeInResults": true,
      "Value": 400000,
      "CashIn": {
        "Id": "7b257ef6",
        "Name": "CashIn",
        "Enabled": false,
        "Amount": 0,
        "IsPercentage": false,
        "PercentageBasis": "Self",
        "AnnualRateMonthlyCompounding": false,
        "Schedule": {
          "Id": "7cf5209c",
          "Name": "TriggerFrequency-7cf5209c",
          "Frequency": "Monthly",
          "DayOfMonth": 1,
          "TriggerLimit": 0,
          "TriggerCount": 0
        }
      },
      "CashOut": {
        "Id": "250925fc",
        "Name": "CashOut",
        "Enabled": false,
        "Amount": 0,
        "IsPercentage": false,
        "PercentageBasis": "Self",
        "AnnualRateMonthlyCompounding": false,
        "Schedule": {
          "Id": "bee42880",
          "Name": "TriggerFrequency-bee42880",
          "Frequency": "Monthly",
          "DayOfMonth": 1,
          "TriggerLimit": 0,
          "TriggerCount": 0
        }
      },
      "Interest": {
        "Id": "32fec348",
        "Name": "House Value Growth",
        "Enabled": true,
        "Amount": 4.5,
        "IsPercentage": true,
        "PercentageBasis": "Self",
        "AnnualRateMonthlyCompounding": true,
        "Schedule": {
          "Id": "b93ea7f3",
          "Name": "TriggerFrequency-b93ea7f3",
          "Frequency": "Monthly",
          "DayOfMonth": 31,
          "TriggerLimit": 0,
          "TriggerCount": 0
        }
      },
      "StartEnabled": true,
      "DisabledByUser": false,
      "EnabledBySim": false,
      "StartDate": "2026-01-03",
      "StartDateProxy": "2026-01-03T00:00:00",
      "EndDate": "2126-01-03",
      "EndDateProxy": "2126-01-03T00:00:00",
      "Events": [],
      "SelfTrigger": {
        "Id": "b90d56f4",
        "Name": "TriggerConditions-b90d56f4",
        "TriggerMatchType": "All",
        "TriggerMatchValue": true,
        "TagMatchType": "All",
        "MatchValue": true,
        "TagRules": [],
        "LiquidAssets": {
          "Id": "8ec0a63c",
          "Name": "Liquid Assets",
          "Enabled": false,
          "Operator": "GreaterThanOrEqual",
          "ComparisonValue": 0,
          "TriggerLimit": 0,
          "TriggerCount": 0,
          "LastTriggerDate": "0001-01-01"
        },
        "MainSavingsBalance": {
          "Id": "c04dfe89",
          "Name": "Main Savings Balance",
          "Enabled": false,
          "Operator": "GreaterThanOrEqual",
          "ComparisonValue": 0,
          "TriggerLimit": 0,
          "TriggerCount": 0,
          "LastTriggerDate": "0001-01-01"
        },
        "Age": {
          "Id": "a50e7db9",
          "Name": "Age",
          "Enabled": false,
          "Operator": "GreaterThanOrEqual",
          "ComparisonValue": 0,
          "TriggerLimit": 0,
          "TriggerCount": 0,
          "LastTriggerDate": "0001-01-01"
        }
      },
      "LiquidateSelfOnTrigger": false
    }
  ],
  "MainSavingsAccountId": 0,
  "LogLevel": "Warn",
  "TaxMode": "NoTax",
  "TaxPercentage": 30,
  "EndOfFinancialYear": "2026-06-30",
  "EndOfFinancialYearProxy": "2026-06-30T00:00:00",
  "FailOnOverDraw": true
}