{
  "Id": "shares01",
  "Name": "Index Fund",
  "Description": "ETF holding with annual growth",
  "Tags": [
    "investment",
    "etf"
  ],
  "Type": 6,
  "IsMainSavingsAccount": false,
  "IsLiquidAsset": true,
  "Currency": "AUD",
  "EvalOrder": 10,
  "IncludeInResults": true,
  "Value": 5000,
  "CashIn": {
    "Id": "cashin02",
    "Name": "Dividends",
    "Enabled": true,
    "Amount": 3.5,
    "IsPercentage": true,
    "PercentageBasis": 2,
    "AnnualRateMonthlyCompounding": false,
    "Schedule": {
      "Id": "sched04",
      "Name": "Dividend Schedule",
      "Frequency": 4,
      "DayOfMonth": 30,
      "MonthOfYear": 6,
      "TriggerLimit": 0,
      "TriggerCount": 0
    }
  },
  "CashOut": {
    "Id": "cashout02",
    "Name": "CashOut",
    "Enabled": false,
    "Amount": 0,
    "IsPercentage": false,
    "PercentageBasis": 2,
    "AnnualRateMonthlyCompounding": false,
    "Schedule": {
      "Id": "sched05",
      "Name": "Schedule",
      "Frequency": 3,
      "DayOfMonth": 1,
      "TriggerLimit": 0,
      "TriggerCount": 0
    }
  },
  "Interest": {
    "Id": "int02",
    "Name": "Annual Growth",
    "Enabled": true,
    "Amount": 7,
    "IsPercentage": true,
    "PercentageBasis": 2,
    "AnnualRateMonthlyCompounding": false,
    "Schedule": {
      "Id": "sched06",
      "Name": "Growth Schedule",
      "Frequency": 4,
      "DayOfMonth": 31,
      "MonthOfYear": 1,
      "TriggerLimit": 0,
      "TriggerCount": 0
    }
  },
  "ShareDetails": {
    "Id": "sd01",
    "Name": "VAS",
    "UnitCount": 100,
    "UnitPrice": 50,
    "TotalCostBase": 4500
  },
  "StartEnabled": true,
  "DisabledByUser": false,
  "EnabledBySim": true,
  "StartDate": "2026-01-01",
  "StartDateProxy": "2026-01-01T00:00:00",
  "EndDate": "2126-01-01",
  "EndDateProxy": "2126-01-01T00:00:00",
  "Events": [],
  "SelfTrigger": {
    "Id": "trigger02",
    "Name": "Index Fund Self Trigger",
    "TriggerMatchType": 0,
    "TriggerMatchValue": true,
    "TagMatchType": 0,
    "MatchValue": true,
    "TagRules": [],
    "LiquidAssets": {
      "Id": "liq02",
      "Name": "Liquid Assets",
      "Enabled": false,
      "Operator": 3,
      "ComparisonValue": 0,
      "TriggerLimit": 0,
      "TriggerCount": 0,
      "LastTriggerDate": "0001-01-01"
    },
    "MainSavingsBalance": {
      "Id": "msb02",
      "Name": "Main Savings Balance",
      "Enabled": false,
      "Operator": 3,
      "ComparisonValue": 0,
      "TriggerLimit": 0,
      "TriggerCount": 0,
      "LastTriggerDate": "0001-01-01"
    },
    "Age": {
      "Id": "age02",
      "Name": "Age",
      "Enabled": false,
      "Operator": 3,
      "ComparisonValue": 0,
      "TriggerLimit": 0,
      "TriggerCount": 0,
      "LastTriggerDate": "0001-01-01"
    }
  },
  "LiquidateSelfOnTrigger": false
}