{
  "BirthDate": "2008-01-01",
  "BirthDateProxy": "2008-01-01T00:00:00",
  "UserName": "Default",
  "RollingBackup": false,
  "BackupCount": 10,
  "SimulationName": "Negative Gearing Cascade",
  "Description": "",
  "StepIncrement": "Monthly",
  "YearsToSim": 1,
  "StartDateIsToday": false,
  "StartDate": "2026-01-01",
  "StartDateProxy": "2026-01-01T00:00:00",
  "InteractiveMode": false,
  "DateSaved": "2026-01-16T05:24:09.0146746+08:00",
  "SaveCount": 12,
  "FinancialItemsList": [
    {
      "Id": "205fcdf8",
      "Name": "Savings Account",
      "Description": "Default auto created savings account",
      "Tags": [],
      "Type": "Savings",
      "IsMainSavingsAccount": true,
      "IsLiquidAsset": true,
      "Currency": "AUD",
      "EvalOrder": 0,
      "IncludeInResults": true,
      "Value": 1000,
      "CashIn": {
        "Id": "4be75a39",
        "Name": "CashIn",
        "Enabled": false,
        "Amount": 0,
        "IsPercentage": false,
        "PercentageBasis": "Self",
        "AnnualRateMonthlyCompounding": false,
        "Schedule": {
          "Id": "41c67bda",
          "Name": "TriggerFrequency-41c67bda",
          "Frequency": "Monthly",
          "DayOfMonth": 31,
          "TriggerLimit": 0,
          "TriggerCount": 0
        }
      },
      "CashOut": {
        "Id": "cddaa078",
        "Name": "CashOut",
        "Enabled": false,
        "Amount": 0,
        "IsPercentage": false,
        "PercentageBasis": "Self",
        "AnnualRateMonthlyCompounding": false,
        "Schedule": {
          "Id": "97aeb2e3",
          "Name": "TriggerFrequency-97aeb2e3",
          "Frequency": "Monthly",
          "DayOfMonth": 31,
          "TriggerLimit": 0,
          "TriggerCount": 0
        }
      },
      "Interest": {
        "Id": "7d2dce5a",
        "Name": "Interest",
        "Enabled": true,
        "Amount": 4.5,
        "IsPercentage": true,
        "PercentageBasis": "Self",
        "AnnualRateMonthlyCompounding": true,
        "Schedule": {
          "Id": "0304fb6e",
          "Name": "TriggerFrequency-0304fb6e",
          "Frequency": "Monthly",
          "DayOfMonth": 31,
          "TriggerLimit": 0,
          "TriggerCount": 0
        }
      },
      "StartEnabled": true,
      "DisabledByUser": false,
      "EnabledBySim": false,
      "StartDate": "2026-01-08",
      "StartDateProxy": "2026-01-08T00:00:00",
      "EndDate": "2126-01-08",
      "EndDateProxy": "2126-01-08T00:00:00",
      "Events": [],
      "SelfTrigger": {
        "Id": "71b0ea81",
        "Name": "TriggerConditions-71b0ea81",
        "TriggerMatchType": "All",
        "TriggerMatchValue": true,
        "TagMatchType": "All",
        "MatchValue": true,
        "TagRules": [],
        "LiquidAssets": {
          "Id": "e78d3d21",
          "Name": "Liquid Assets",
          "Enabled": false,
          "Operator": "GreaterThanOrEqual",
          "ComparisonValue": 0,
          "TriggerLimit": 0,
          "TriggerCount": 0,
          "LastTriggerDate": "0001-01-01"
        },
        "MainSavingsBalance": {
          "Id": "e0aa7f75",
          "Name": "Main Savings Balance",
          "Enabled": false,
          "Operator": "GreaterThanOrEqual",
          "ComparisonValue": 0,
          "TriggerLimit": 0,
          "TriggerCount": 0,
          "LastTriggerDate": "0001-01-01"
        },
        "Age": {
          "Id": "10b769a3",
          "Name": "Age",
          "Enabled": false,
          "Operator": "GreaterThanOrEqual",
          "ComparisonValue": 0,
          "TriggerLimit": 0,
          "TriggerCount": 0,
          "LastTriggerDate": "0001-01-01"
        }
      },
      "LiquidateSelfOnTrigger": false
    }
  ],
  "MainSavingsAccountId": 0,
  "LogLevel": "Debug",
  "TaxMode": "FlatTax",
  "TaxPercentage": 30,
  "EndOfFinancialYear": "2026-06-30",
  "EndOfFinancialYearProxy": "2026-06-30T00:00:00",
  "FailOnOverDraw": true
}