{
  "Id": "61e57362",
  "Name": "Weekly Salary",
  "Description": "",
  "Tags": [],
  "Type": 0,
  "IsMainSavingsAccount": false,
  "IsLiquidAsset": false,
  "Currency": "AUD",
  "EvalOrder": 10,
  "Value": 0,
  "CashIn": {
    "Id": "68341e3a",
    "Name": "CashIn",
    "Enabled": true,
    "Amount": 1160,
    "IsPercentage": false,
    "AnnualRateMonthlyCompounding": false,
    "Schedule": {
      "Frequency": 1,
      "DayOfWeek": 5,
      "TriggerLimit": 0,
      "TriggerCount": 0
    }
  },
  "CashOut": {
    "Id": "80a4861a",
    "Name": "CashOut",
    "Enabled": false,
    "Amount": 0,
    "IsPercentage": true,
    "AnnualRateMonthlyCompounding": true,
    "Schedule": {
      "Frequency": 3,
      "DayOfMonth": 31,
      "TriggerLimit": 0,
      "TriggerCount": 0
    }
  },
  "Interest": {
    "Id": "d160d094",
    "Name": "Interest",
    "Enabled": false,
    "Amount": 0,
    "IsPercentage": true,
    "AnnualRateMonthlyCompounding": true,
    "Schedule": {
      "Frequency": 3,
      "DayOfMonth": 31,
      "TriggerLimit": 0,
      "TriggerCount": 0
    }
  },
  "StartEnabled": true,
  "DisabledByUser": false,
  "EnabledBySim": true,
  "StartDate": "2025-12-29",
  "StartDateProxy": "2025-12-29T00:00:00",
  "EndDate": "2125-12-29",
  "EndDateProxy": "2125-12-29T00:00:00",
  "Events": [],
  "SelfTrigger": {
    "Id": "b49d5260",
    "Name": "Salary Self Trigger",
    "RequireAll": true,
    "RequireAllTagRules": true,
    "TagRules": [],
    "LiquidAssets": {
      "Id": "8e4a018f",
      "Name": "ValueTrigger-9f00497a",
      "Enabled": false,
      "MinEnabled": false,
      "MinValue": 0,
      "MaxEnabled": false,
      "MaxValue": 0,
      "TriggerCount": 0,
      "TriggerLimit": 0,
      "LastTriggerDate": "0001-01-01",
      "Frequency": {
        "Frequency": 0,
        "TriggerLimit": 0,
        "TriggerCount": 0
      }
    },
    "MainSavingsBalance": {
      "Id": "a53baea1",
      "Name": "ValueTrigger-212be8e5",
      "Enabled": false,
      "MinEnabled": false,
      "MinValue": 0,
      "MaxEnabled": false,
      "MaxValue": 0,
      "TriggerCount": 0,
      "TriggerLimit": 0,
      "LastTriggerDate": "0001-01-01",
      "Frequency": {
        "Frequency": 0,
        "TriggerLimit": 0,
        "TriggerCount": 0
      }
    },
    "IncomeTagsActive": [],
    "IncomeTagsActiveFrequency": 6,
    "IncomeTagsActiveAmountValue": 0,
    "IncomeTagsActiveGreaterThan": true
  }
}