{
  "Id": "d149f135",
  "Name": "Weekly Rent",
  "Description": "House I rent",
  "Tags": [],
  "Type": 1,
  "IsMainSavingsAccount": false,
  "IsLiquidAsset": false,
  "Currency": "AUD",
  "EvalOrder": 20,
  "Value": 0,
  "CashIn": {
    "Id": "708a3b1a",
    "Name": "CashIn",
    "Enabled": false,
    "Amount": 0,
    "IsPercentage": true,
    "AnnualRateMonthlyCompounding": true,
    "Schedule": {
      "Frequency": 3,
      "DayOfMonth": 31,
      "TriggerLimit": 0,
      "TriggerCount": 0
    }
  },
  "CashOut": {
    "Id": "fa8bf9d5",
    "Name": "CashOut",
    "Enabled": true,
    "Amount": 650,
    "IsPercentage": false,
    "AnnualRateMonthlyCompounding": false,
    "Schedule": {
      "Frequency": 1,
      "DayOfWeek": 5,
      "TriggerLimit": 0,
      "TriggerCount": 0
    }
  },
  "Interest": {
    "Id": "a03fcf14",
    "Name": "Interest",
    "Enabled": false,
    "Amount": 0,
    "IsPercentage": true,
    "AnnualRateMonthlyCompounding": true,
    "Schedule": {
      "Frequency": 3,
      "DayOfMonth": 31,
      "TriggerLimit": 0,
      "TriggerCount": 0
    }
  },
  "StartEnabled": true,
  "DisabledByUser": false,
  "EnabledBySim": true,
  "StartDate": "2025-12-29",
  "StartDateProxy": "2025-12-29T00:00:00",
  "EndDate": "2125-12-29",
  "EndDateProxy": "2125-12-29T00:00:00",
  "Events": [],
  "SelfTrigger": {
    "Id": "d019af46",
    "Name": "Rent Self Trigger",
    "RequireAll": true,
    "RequireAllTagRules": true,
    "TagRules": [],
    "LiquidAssets": {
      "Id": "7012d6f7",
      "Name": "ValueTrigger-411736a1",
      "Enabled": false,
      "MinEnabled": false,
      "MinValue": 0,
      "MaxEnabled": false,
      "MaxValue": 0,
      "TriggerCount": 0,
      "TriggerLimit": 0,
      "LastTriggerDate": "0001-01-01",
      "Frequency": {
        "Frequency": 0,
        "TriggerLimit": 0,
        "TriggerCount": 0
      }
    },
    "MainSavingsBalance": {
      "Id": "42d5e3f8",
      "Name": "ValueTrigger-e8ec9aa7",
      "Enabled": false,
      "MinEnabled": false,
      "MinValue": 0,
      "MaxEnabled": false,
      "MaxValue": 0,
      "TriggerCount": 0,
      "TriggerLimit": 0,
      "LastTriggerDate": "0001-01-01",
      "Frequency": {
        "Frequency": 0,
        "TriggerLimit": 0,
        "TriggerCount": 0
      }
    },
    "IncomeTagsActive": [],
    "IncomeTagsActiveFrequency": 6,
    "IncomeTagsActiveAmountValue": 0,
    "IncomeTagsActiveGreaterThan": true
  }
}