{
  "BirthDate": "2007-04-01",
  "BirthDateProxy": "2007-04-01T00:00:00",
  "UserName": "Default",
  "RollingBackup": false,
  "BackupCount": 10,
  "SimulationName": "Default Simulation Name",
  "Description": "Default Config",
  "StepIncrement": "Monthly",
  "YearsToSim": 3,
  "StartDateIsToday": false,
  "StartDate": "2025-12-30",
  "StartDateProxy": "2025-12-30T00:00:00",
  "InteractiveMode": false,
  "DateSaved": "2026-01-16T05:24:09.6993508+08:00",
  "SaveCount": 39,
  "FinancialItemsList": [
    {
      "Id": "e4603340",
      "Name": "Savings Account",
      "Description": "Default auto created savings account",
      "Tags": [],
      "Type": "Savings",
      "IsMainSavingsAccount": true,
      "IsLiquidAsset": true,
      "Currency": "AUD",
      "EvalOrder": 0,
      "IncludeInResults": true,
      "Value": 1000,
      "CashIn": {
        "Id": "ce4e594d",
        "Name": "CashIn",
        "Enabled": false,
        "Amount": 0,
        "IsPercentage": true,
        "PercentageBasis": "Self",
        "AnnualRateMonthlyCompounding": true,
        "Schedule": {
          "Id": "6f24c08d",
          "Name": "TriggerFrequency-6f24c08d",
          "Frequency": "Monthly",
          "DayOfMonth": 31,
          "TriggerLimit": 0,
          "TriggerCount": 0
        }
      },
      "CashOut": {
        "Id": "6e847e67",
        "Name": "CashOut",
        "Enabled": false,
        "Amount": 0,
        "IsPercentage": true,
        "PercentageBasis": "Self",
        "AnnualRateMonthlyCompounding": true,
        "Schedule": {
          "Id": "cd9b08c3",
          "Name": "TriggerFrequency-cd9b08c3",
          "Frequency": "Monthly",
          "DayOfMonth": 31,
          "TriggerLimit": 0,
          "TriggerCount": 0
        }
      },
      "Interest": {
        "Id": "18bb3e3c",
        "Name": "Interest",
        "Enabled": true,
        "Amount": 4.5,
        "IsPercentage": true,
        "PercentageBasis": "Self",
        "AnnualRateMonthlyCompounding": true,
        "Schedule": {
          "Id": "35468364",
          "Name": "TriggerFrequency-35468364",
          "Frequency": "Monthly",
          "DayOfMonth": 31,
          "TriggerLimit": 0,
          "TriggerCount": 0
        }
      },
      "StartEnabled": true,
      "DisabledByUser": false,
      "EnabledBySim": true,
      "StartDate": "2025-12-29",
      "StartDateProxy": "2025-12-29T00:00:00",
      "EndDate": "2126-01-06",
      "EndDateProxy": "2126-01-06T00:00:00",
      "Events": [],
      "SelfTrigger": {
        "Id": "04326c68",
        "Name": "Savings Account Self Trigger",
        "TriggerMatchType": "All",
        "TriggerMatchValue": true,
        "TagMatchType": "All",
        "MatchValue": true,
        "TagRules": [],
        "LiquidAssets": {
          "Id": "6620100f",
          "Name": "ValueTrigger-ada80732",
          "Enabled": false,
          "Operator": "GreaterThanOrEqual",
          "ComparisonValue": 0,
          "TriggerLimit": 0,
          "TriggerCount": 0,
          "LastTriggerDate": "0001-01-01"
        },
        "MainSavingsBalance": {
          "Id": "18d9d290",
          "Name": "ValueTrigger-b3e6079b",
          "Enabled": false,
          "Operator": "GreaterThanOrEqual",
          "ComparisonValue": 0,
          "TriggerLimit": 0,
          "TriggerCount": 0,
          "LastTriggerDate": "0001-01-01"
        },
        "Age": {
          "Id": "e09d8923",
          "Name": "Age",
          "Enabled": false,
          "Operator": "GreaterThanOrEqual",
          "ComparisonValue": 0,
          "TriggerLimit": 0,
          "TriggerCount": 0,
          "LastTriggerDate": "0001-01-01"
        }
      },
      "LiquidateSelfOnTrigger": false
    },
    {
      "Id": "acdf224b",
      "Name": "Salary",
      "Description": "",
      "Tags": [],
      "Type": "Income",
      "IsMainSavingsAccount": false,
      "IsLiquidAsset": false,
      "Currency": "AUD",
      "EvalOrder": 10,
      "IncludeInResults": true,
      "Value": 0,
      "CashIn": {
        "Id": "000c3e7a",
        "Name": "CashIn",
        "Enabled": true,
        "Amount": 1160,
        "IsPercentage": false,
        "PercentageBasis": "Self",
        "AnnualRateMonthlyCompounding": false,
        "Schedule": {
          "Id": "95906879",
          "Name": "TriggerFrequency-95906879",
          "Frequency": "Weekly",
          "DayOfWeek": "Friday",
          "TriggerLimit": 0,
          "TriggerCount": 0
        }
      },
      "CashOut": {
        "Id": "2aadfef7",
        "Name": "CashOut",
        "Enabled": false,
        "Amount": 0,
        "IsPercentage": true,
        "PercentageBasis": "Self",
        "AnnualRateMonthlyCompounding": true,
        "Schedule": {
          "Id": "93f94c0e",
          "Name": "TriggerFrequency-93f94c0e",
          "Frequency": "Monthly",
          "DayOfMonth": 31,
          "TriggerLimit": 0,
          "TriggerCount": 0
        }
      },
      "Interest": {
        "Id": "2ab0c54b",
        "Name": "Interest",
        "Enabled": false,
        "Amount": 0,
        "IsPercentage": true,
        "PercentageBasis": "Self",
        "AnnualRateMonthlyCompounding": true,
        "Schedule": {
          "Id": "e3dd5052",
          "Name": "TriggerFrequency-e3dd5052",
          "Frequency": "Monthly",
          "DayOfMonth": 31,
          "TriggerLimit": 0,
          "TriggerCount": 0
        }
      },
      "StartEnabled": true,
      "DisabledByUser": false,
      "EnabledBySim": true,
      "StartDate": "2025-12-29",
      "StartDateProxy": "2025-12-29T00:00:00",
      "EndDate": "2125-12-29",
      "EndDateProxy": "2125-12-29T00:00:00",
      "Events": [],
      "SelfTrigger": {
        "Id": "1b8b673b",
        "Name": "Salary Self Trigger",
        "TriggerMatchType": "All",
        "TriggerMatchValue": true,
        "TagMatchType": "All",
        "MatchValue": true,
        "TagRules": [],
        "LiquidAssets": {
          "Id": "470fc7f9",
          "Name": "ValueTrigger-9f00497a",
          "Enabled": false,
          "Operator": "GreaterThanOrEqual",
          "ComparisonValue": 0,
          "TriggerLimit": 0,
          "TriggerCount": 0,
          "LastTriggerDate": "0001-01-01"
        },
        "MainSavingsBalance": {
          "Id": "a9c88c93",
          "Name": "ValueTrigger-212be8e5",
          "Enabled": false,
          "Operator": "GreaterThanOrEqual",
          "ComparisonValue": 0,
          "TriggerLimit": 0,
          "TriggerCount": 0,
          "LastTriggerDate": "0001-01-01"
        },
        "Age": {
          "Id": "f30088b0",
          "Name": "Age",
          "Enabled": false,
          "Operator": "GreaterThanOrEqual",
          "ComparisonValue": 0,
          "TriggerLimit": 0,
          "TriggerCount": 0,
          "LastTriggerDate": "0001-01-01"
        }
      },
      "LiquidateSelfOnTrigger": false
    },
    {
      "Id": "fb692481",
      "Name": "Rent",
      "Description": "House I rent",
      "Tags": [],
      "Type": "Savings",
      "IsMainSavingsAccount": false,
      "IsLiquidAsset": false,
      "Currency": "AUD",
      "EvalOrder": 20,
      "IncludeInResults": true,
      "Value": 0,
      "CashIn": {
        "Id": "a83bce75",
        "Name": "CashIn",
        "Enabled": false,
        "Amount": 0,
        "IsPercentage": true,
        "PercentageBasis": "Self",
        "AnnualRateMonthlyCompounding": true,
        "Schedule": {
          "Id": "323af752",
          "Name": "TriggerFrequency-323af752",
          "Frequency": "Monthly",
          "DayOfMonth": 31,
          "TriggerLimit": 0,
          "TriggerCount": 0
        }
      },
      "CashOut": {
        "Id": "1bcd135b",
        "Name": "CashOut",
        "Enabled": true,
        "Amount": 650,
        "IsPercentage": false,
        "PercentageBasis": "Self",
        "AnnualRateMonthlyCompounding": false,
        "Schedule": {
          "Id": "32c84802",
          "Name": "TriggerFrequency-32c84802",
          "Frequency": "Weekly",
          "DayOfWeek": "Friday",
          "TriggerLimit": 0,
          "TriggerCount": 0
        }
      },
      "Interest": {
        "Id": "c3a97640",
        "Name": "Interest",
        "Enabled": false,
        "Amount": 0,
        "IsPercentage": true,
        "PercentageBasis": "Self",
        "AnnualRateMonthlyCompounding": true,
        "Schedule": {
          "Id": "9c2b245c",
          "Name": "TriggerFrequency-9c2b245c",
          "Frequency": "Monthly",
          "DayOfMonth": 31,
          "TriggerLimit": 0,
          "TriggerCount": 0
        }
      },
      "StartEnabled": true,
      "DisabledByUser": false,
      "EnabledBySim": true,
      "StartDate": "2025-12-29",
      "StartDateProxy": "2025-12-29T00:00:00",
      "EndDate": "2125-12-29",
      "EndDateProxy": "2125-12-29T00:00:00",
      "Events": [],
      "SelfTrigger": {
        "Id": "a4e39692",
        "Name": "Rent Self Trigger",
        "TriggerMatchType": "All",
        "TriggerMatchValue": true,
        "TagMatchType": "All",
        "MatchValue": true,
        "TagRules": [],
        "LiquidAssets": {
          "Id": "afa085d9",
          "Name": "ValueTrigger-411736a1",
          "Enabled": false,
          "Operator": "GreaterThanOrEqual",
          "ComparisonValue": 0,
          "TriggerLimit": 0,
          "TriggerCount": 0,
          "LastTriggerDate": "0001-01-01"
        },
        "MainSavingsBalance": {
          "Id": "5cd41430",
          "Name": "ValueTrigger-e8ec9aa7",
          "Enabled": false,
          "Operator": "GreaterThanOrEqual",
          "ComparisonValue": 0,
          "TriggerLimit": 0,
          "TriggerCount": 0,
          "LastTriggerDate": "0001-01-01"
        },
        "Age": {
          "Id": "918125ba",
          "Name": "Age",
          "Enabled": false,
          "Operator": "GreaterThanOrEqual",
          "ComparisonValue": 0,
          "TriggerLimit": 0,
          "TriggerCount": 0,
          "LastTriggerDate": "0001-01-01"
        }
      },
      "LiquidateSelfOnTrigger": false
    },
    {
      "Id": "2bc11a16",
      "Name": "Laptop Purchase",
      "Description": "One time trigger of Laptop purchase",
      "Tags": [],
      "Type": "Savings",
      "IsMainSavingsAccount": false,
      "IsLiquidAsset": false,
      "Currency": "AUD",
      "EvalOrder": 30,
      "IncludeInResults": true,
      "Value": 0,
      "CashIn": {
        "Id": "41a4f9a6",
        "Name": "CashIn",
        "Enabled": false,
        "Amount": 0,
        "IsPercentage": true,
        "PercentageBasis": "Self",
        "AnnualRateMonthlyCompounding": true,
        "Schedule": {
          "Id": "fc4abbf7",
          "Name": "TriggerFrequency-fc4abbf7",
          "Frequency": "Monthly",
          "DayOfMonth": 31,
          "TriggerLimit": 0,
          "TriggerCount": 0
        }
      },
      "CashOut": {
        "Id": "c62182e8",
        "Name": "CashOut",
        "Enabled": true,
        "Amount": 3000,
        "IsPercentage": false,
        "PercentageBasis": "Self",
        "AnnualRateMonthlyCompounding": false,
        "Schedule": {
          "Id": "2af66c26",
          "Name": "TriggerFrequency-2af66c26",
          "Frequency": "Weekly",
          "DayOfWeek": "Friday",
          "TriggerLimit": 1,
          "TriggerCount": 0
        }
      },
      "Interest": {
        "Id": "752fadbc",
        "Name": "Interest",
        "Enabled": false,
        "Amount": 0,
        "IsPercentage": true,
        "PercentageBasis": "Self",
        "AnnualRateMonthlyCompounding": true,
        "Schedule": {
          "Id": "59df77fb",
          "Name": "TriggerFrequency-59df77fb",
          "Frequency": "Monthly",
          "DayOfMonth": 31,
          "TriggerLimit": 0,
          "TriggerCount": 0
        }
      },
      "StartEnabled": false,
      "DisabledByUser": false,
      "EnabledBySim": false,
      "StartDate": "2025-12-29",
      "StartDateProxy": "2025-12-29T00:00:00",
      "EndDate": "2125-12-29",
      "EndDateProxy": "2125-12-29T00:00:00",
      "Events": [],
      "SelfTrigger": {
        "Id": "e450ef80",
        "Name": "Laptop Purchase Self Trigger",
        "TriggerMatchType": "All",
        "TriggerMatchValue": true,
        "TagMatchType": "Any",
        "MatchValue": true,
        "TagRules": [],
        "LiquidAssets": {
          "Id": "54f4f1cd",
          "Name": "ValueTrigger-5a5cb328",
          "Enabled": false,
          "Operator": "GreaterThanOrEqual",
          "ComparisonValue": 0,
          "TriggerLimit": 0,
          "TriggerCount": 0,
          "LastTriggerDate": "0001-01-01"
        },
        "MainSavingsBalance": {
          "Id": "525f4056",
          "Name": "ValueTrigger-6e1e87ff",
          "Enabled": true,
          "Operator": "GreaterThanOrEqual",
          "ComparisonValue": 10000,
          "TriggerLimit": 1,
          "TriggerCount": 0,
          "LastTriggerDate": "0001-01-01"
        },
        "Age": {
          "Id": "4aec3224",
          "Name": "Age",
          "Enabled": true,
          "Operator": "GreaterThanOrEqual",
          "ComparisonValue": 21,
          "TriggerLimit": 0,
          "TriggerCount": 0,
          "LastTriggerDate": "0001-01-01"
        }
      },
      "LiquidateSelfOnTrigger": false
    }
  ],
  "MainSavingsAccountId": 0,
  "LogLevel": "Debug",
  "TaxMode": "NoTax",
  "TaxPercentage": 30,
  "EndOfFinancialYear": "2026-06-30",
  "EndOfFinancialYearProxy": "2026-06-30T00:00:00",
  "FailOnOverDraw": true
}