{
  "$schema": "http://json-schema.org/draft-04/schema#",
  "title": "ValueTrigger",
  "type": "object",
  "additionalProperties": false,
  "properties": {
    "Id": {
      "type": "string",
      "readonly": true,
      "description": "Unique identifier for this trigger (auto-generated, read-only)."
    },
    "Name": {
      "type": "string",
      "description": "Optional name for this trigger (e.g., 'Emergency Fund Threshold')"
    },
    "Enabled": {
      "type": "boolean",
      "description": "Enable or disable the entire trigger"
    },
    "Operator": {
      "description": "Comparison operator to use: GreaterThan, GreaterThanOrEqual, LessThan, LessThanOrEqual, Equal, NotEqual",
      "oneOf": [
        {
          "$ref": "#/definitions/Comparator"
        }
      ]
    },
    "ComparisonValue": {
      "type": "number",
      "description": "The value to compare against using the selected operator.",
      "format": "decimal"
    },
    "MinEnabled": {
      "type": [
        "boolean",
        "null"
      ],
      "x-deprecated": true,
      "x-deprecatedMessage": "Use Operator and ComparisonValue instead. Will be removed in future version."
    },
    "MinValue": {
      "type": [
        "null",
        "number"
      ],
      "format": "decimal",
      "x-deprecated": true,
      "x-deprecatedMessage": "Use Operator and ComparisonValue instead. Will be removed in future version."
    },
    "MaxEnabled": {
      "type": [
        "boolean",
        "null"
      ],
      "x-deprecated": true,
      "x-deprecatedMessage": "Use Operator and ComparisonValue instead. Will be removed in future version."
    },
    "MaxValue": {
      "type": [
        "null",
        "number"
      ],
      "format": "decimal",
      "x-deprecated": true,
      "x-deprecatedMessage": "Use Operator and ComparisonValue instead. Will be removed in future version."
    },
    "TriggerLimit": {
      "type": "integer",
      "description": "The maximum number of times the trigger can be activated. 0 = unlimited"
    },
    "TriggerCount": {
      "type": "integer",
      "description": "The number of times the trigger has been activated",
      "format": "int32"
    },
    "LastTriggerDate": {
      "type": "string",
      "description": "The date when the trigger was last activated",
      "format": "date"
    }
  },
  "definitions": {
    "Comparator": {
      "type": "integer",
      "description": "0 = Equal\n1 = NotEqual\n2 = GreaterThan\n3 = GreaterThanOrEqual\n4 = LessThan\n5 = LessThanOrEqual",
      "x-enumNames": [
        "Equal",
        "NotEqual",
        "GreaterThan",
        "GreaterThanOrEqual",
        "LessThan",
        "LessThanOrEqual"
      ],
      "enum": [
        0,
        1,
        2,
        3,
        4,
        5
      ]
    }
  }
}