{
  "Id": "e7e3ef01",
  "Name": "Birthday Money",
  "Description": "",
  "Tags": [],
  "Type": 0,
  "IsMainSavingsAccount": false,
  "IsLiquidAsset": false,
  "Currency": "AUD",
  "EvalOrder": 10,
  "Value": 0,
  "CashIn": {
    "Id": "08dcf245",
    "Name": "CashIn",
    "Enabled": true,
    "Amount": 500,
    "IsPercentage": false,
    "AnnualRateMonthlyCompounding": false,
    "Schedule": {
      "Frequency": 4,
      "DayOfMonth": 12,
      "MonthOfYear": 3,
      "TriggerLimit": 0,
      "TriggerCount": 0
    }
  },
  "CashOut": {
    "Id": "3d8f7952",
    "Name": "CashOut",
    "Enabled": false,
    "Amount": 0,
    "IsPercentage": false,
    "AnnualRateMonthlyCompounding": false,
    "Schedule": {
      "Frequency": 3,
      "DayOfMonth": 1,
      "TriggerLimit": 0,
      "TriggerCount": 0
    }
  },
  "Interest": {
    "Id": "931f6bbf",
    "Name": "Interest",
    "Enabled": false,
    "Amount": 0,
    "IsPercentage": false,
    "AnnualRateMonthlyCompounding": false,
    "Schedule": {
      "Frequency": 4,
      "DayOfMonth": 1,
      "MonthOfYear": 1,
      "TriggerLimit": 0,
      "TriggerCount": 0
    }
  },
  "StartEnabled": true,
  "DisabledByUser": false,
  "EnabledBySim": false,
  "StartDate": "2025-12-31",
  "StartDateProxy": "2025-12-31T00:00:00",
  "EndDate": "2125-12-31",
  "EndDateProxy": "2125-12-31T00:00:00",
  "Events": [],
  "SelfTrigger": {
    "Id": "0f97af5d",
    "Name": "TriggerConditions-0f97af5d",
    "RequireAll": true,
    "RequireAllTagRules": true,
    "TagRules": [],
    "LiquidAssets": {
      "Id": "875f0c40",
      "Name": "Liquid Assets",
      "Enabled": false,
      "MinEnabled": false,
      "MinValue": 0,
      "MaxEnabled": false,
      "MaxValue": 0,
      "TriggerCount": 0,
      "TriggerLimit": 0,
      "LastTriggerDate": "0001-01-01",
      "Frequency": {
        "Frequency": 3,
        "DayOfMonth": 1,
        "TriggerLimit": 0,
        "TriggerCount": 0
      }
    },
    "MainSavingsBalance": {
      "Id": "2b9b7043",
      "Name": "Main Savings Balance",
      "Enabled": false,
      "MinEnabled": false,
      "MinValue": 0,
      "MaxEnabled": false,
      "MaxValue": 0,
      "TriggerCount": 0,
      "TriggerLimit": 0,
      "LastTriggerDate": "0001-01-01",
      "Frequency": {
        "Frequency": 3,
        "DayOfMonth": 1,
        "TriggerLimit": 0,
        "TriggerCount": 0
      }
    },
    "IncomeTagsActive": [],
    "IncomeTagsActiveFrequency": 4,
    "IncomeTagsActiveAmountValue": 0,
    "IncomeTagsActiveGreaterThan": true
  }
}